"wrist_acc_time","Time1","Time2","Time","rpe","State","Fatigue","ID","Index","subject","experimental_condition","bottle_mass","picking_rate","wrist_acc_length","wrist_acc_mean","wrist_acc_rms","wrist_acc_mad","wrist_acc_std","wrist_acc_min","wrist_acc_max","wrist_acc_med","wrist_acc_perc25","wrist_acc_perc75","wrist_jerk_mean","wrist_jerk_rms","wrist_jerk_mad","wrist_jerk_std","wrist_jerk_min","wrist_jerk_max","wrist_jerk_med","wrist_jerk_perc25","wrist_jerk_perc75","trunk_acc_mean","trunk_acc_rms","trunk_acc_mad","trunk_acc_std","trunk_acc_min","trunk_acc_max","trunk_acc_med","trunk_acc_perc25","trunk_acc_perc75","trunk_jerk_mean","trunk_jerk_rms","trunk_jerk_mad","trunk_jerk_std","trunk_jerk_min","trunk_jerk_max","trunk_jerk_med","trunk_jerk_perc25","trunk_jerk_perc75","upperarm_acc_mean","upperarm_acc_rms","upperarm_acc_mad","upperarm_acc_std","upperarm_acc_min","upperarm_acc_max","upperarm_acc_med","upperarm_acc_perc25","upperarm_acc_perc75","upperarm_jerk_mean","upperarm_jerk_rms","upperarm_jerk_mad","upperarm_jerk_std","upperarm_jerk_min","upperarm_jerk_max","upperarm_jerk_med","upperarm_jerk_perc25","upperarm_jerk_perc75","time_diff"
2021-09-18 17:31:04,44.2,44.5,44.5,3,0,0,28,20,1,"Condition 2.5-15","2.5","15",2471,1.017544538,1.04580022,0.168812848,0.241505316,0.413850787,2.522098183,1.004715048,0.873459596,1.109208314,5.347465311,7.205636816,3.652070523,4.830658769,0.038082067,34.96199101,4.012659157,1.723442957,7.719682353,0.995603566,0.996465035,0.02491758,0.041434297,0.84078965,1.340113983,0.99361488,0.980652622,1.009086263,1.364542302,1.86045802,0.906840529,1.264901623,0.016453298,9.800201053,0.996370394,0.493536547,1.792012448,1.011014178,1.018690601,0.081408692,0.124848631,0.42844975,1.58523926,1.00428442,0.959870086,1.056023279,3.300491939,4.589876657,2.232702546,3.190272916,0.075402992,27.2203628,2.372713854,1.193745315,4.448107293,NA
2022-02-07 15:30:29,43.633,44,44,2,0,0,29,20,1,"Condition 2.5-10","2.5","10",3363,1.027569956,1.063463109,0.169602068,0.274000173,0.366301498,2.98349423,0.993682268,0.922991193,1.082408127,5.178770591,7.920248252,4.488405613,5.993442421,0.019088235,47.78490195,2.772336518,0.910871895,7.277621407,1.029505121,1.03081124,0.029504848,0.051882742,0.767346196,1.471299887,1.028815463,1.014737118,1.045849545,1.497609527,2.116835958,1.069058003,1.496270731,0.007848326,11.51453321,1.028543255,0.475954956,1.989290518,1.014325991,1.024445959,0.090148908,0.143660862,0.307084224,1.932760343,0.997617469,0.965837759,1.054514326,3.315447127,5.016925827,2.616951733,3.765842973,0.009077602,35.01065189,2.05095291,0.83014742,4.516388926,NA
2022-02-11 18:55:29,42.5,43,43,1,0,0,30,20,1,"Condition 2.5-5","2.5","5",7025,1.005406371,1.01927238,0.086151987,0.167565541,0.478809718,2.402975994,0.991407698,0.969371124,1.018572569,2.44598074,4.376875438,2.426573361,3.629888798,0.012150191,35.71870712,0.950445629,0.466442147,2.586600036,1.030084184,1.030593417,0.018802428,0.03239622,0.82397865,1.406836933,1.0293414,1.019466172,1.040167946,0.983038792,1.450797384,0.711437633,1.067056645,0.001663268,10.24266636,0.637649572,0.325653078,1.197147466,1.014234308,1.020375643,0.060261525,0.111789987,0.269019321,1.83525435,1.001426438,0.981237638,1.029175226,2.276992205,3.653150656,1.832390676,2.856917609,0.026109838,37.01460598,1.325441018,0.625384171,2.827183238,0
2022-03-31 21:55:02,44,44.5,44.5,1,0,0,31,20,1,"Condition 1.5-15","1.5","15",2458,1.039246857,1.077636455,0.199847926,0.285130451,0.319671097,2.484024766,1.005433099,0.894511513,1.143623613,6.071381732,8.286416307,4.398949204,5.640564527,0.068244245,38.57505269,4.303037299,1.702392615,8.994358196,1.031900657,1.03281137,0.027004433,0.043371938,0.784769332,1.294601257,1.031601183,1.016942361,1.046965563,1.55870994,1.992101431,0.930917137,1.240773153,0.032247658,9.542995078,1.224751264,0.65769142,2.063535473,1.071169758,1.089511529,0.131144842,0.199115174,0.284882836,2.229497642,1.040572476,0.991553089,1.137386358,4.630061749,6.164972918,3.129467275,4.071383768,0.096605189,27.70106113,3.272526907,1.684919348,6.492854644,NA
2021-09-23 21:21:47,14.917,15.317,15.5,4,1,1,32,21,2,"Condition 2.5-15","2.5","15",2414,1.051299369,1.128194971,0.242683951,0.409466707,0.050727183,4.047575099,1.006503696,0.91547897,1.16358558,6.442273048,10.25783175,5.369487975,7.984149814,0.033634226,62.95158858,3.892366684,1.272992183,8.215218075,0.996469135,0.997936645,0.030095851,0.054111226,0.611744279,1.264228702,0.996228931,0.982402787,1.009142356,1.525387933,2.149808016,1.105946642,1.515195563,0.029186328,10.1147441,0.984923812,0.495394945,2.000670964,1.013765586,1.02527489,0.099423048,0.153224225,0.444820755,1.826793858,0.993183892,0.95082846,1.06237827,3.644864646,5.365725833,2.732185054,3.938578945,0.032744015,28.19151863,2.437141657,1.096775793,4.727391484,NA
2021-10-15 23:30:23,43.133,43.5,43.5,2,0,0,33,21,2,"Condition 2.5-5","2.5","5",5844,1.006772067,1.021238471,0.083354758,0.171298109,0.278745977,2.731183238,0.99397514,0.986437721,1.008107536,2.382910247,4.261824809,2.584610437,3.533698707,0.004448474,27.07906905,0.559252209,0.177510711,3.314811081,1.019318454,1.019637704,0.012286904,0.025515648,0.790098883,1.225912895,1.018645928,1.01443653,1.023332882,0.675345847,1.110340416,0.610557748,0.881417488,0.007669207,8.499930978,0.311295632,0.132699184,0.866908007,1.008127458,1.01077578,0.039980731,0.073127419,0.522448189,1.469556612,0.999610921,0.993135798,1.013622511,1.538884182,2.656956059,1.488241283,2.166114954,0.008217107,19.33177066,0.593472976,0.200154211,2.075179486,NA
2021-11-24 22:28:46,24.883,25.283,25.5,4,1,1,34,21,2,"Condition 1.5-15","1.5","15",2405,1.042683193,1.093035337,0.214156213,0.327998078,0.192635769,2.702117087,1.010149541,0.902733427,1.156655182,5.567612709,7.854402176,4.131157808,5.541308075,0.103013657,49.01119527,3.915244344,1.538189093,7.896690976,1.025182922,1.025942242,0.024420099,0.039472882,0.784083699,1.242701255,1.024491144,1.011585372,1.037870849,1.328245473,1.731745141,0.836482134,1.111404073,0.030339174,8.694353835,1.019911072,0.516733836,1.780346013,1.01327075,1.020795488,0.080925617,0.1237424,0.465551739,1.635642424,1.004294329,0.966659054,1.058252191,2.935055934,3.878562708,1.919256814,2.536014713,0.039560705,15.98932528,2.178931844,1.087919152,4.058760905,NA
2021-12-17 14:23:24,19.317,21.3,21.5,4,1,1,35,21,2,"Condition 2.5-10","2.5","10",3049,1.024867608,1.054524167,0.151380071,0.248370363,0.291828706,2.84736008,0.995584079,0.95678782,1.095703263,4.620203641,6.82963999,3.641217662,5.030507251,0.0105049,50.97600938,3.373022016,0.549016666,6.685954447,1.026290417,1.026818899,0.018322725,0.032945193,0.840212219,1.25192019,1.026628107,1.01951689,1.034637545,1.008109511,1.411541462,0.752492549,0.988172497,0.015656876,6.824714753,0.692064762,0.254746855,1.437486173,1.004010549,1.00905161,0.065475522,0.100753652,0.461500165,1.388243747,0.99228873,0.974534258,1.042089011,2.518282793,3.463079412,1.868322186,2.37760919,0.008724614,14.0418078,2.007250781,0.396781581,3.772751089,NA
2021-09-24 15:23:37,6.8,7.217,7.5,4.22222222222222,1,1,36,22,3,"Condition 2.5-15","2.5","15",2440,1.030745676,1.070181112,0.195029402,0.287897439,0.242176315,2.41882354,1.00857296,0.880376875,1.131618229,6.377141077,8.219170211,3.852026873,5.186314575,0.175281879,36.1507638,5.138355778,2.6255993,8.57522931,0.990927879,0.991627931,0.025426101,0.037262062,0.796142032,1.191340279,0.990583803,0.972347202,1.007607207,1.445868531,1.729815377,0.70025508,0.949786973,0.042462876,5.94437509,1.265039873,0.777915805,1.812674085,1.007555184,1.013488829,0.080670795,0.109531162,0.631677313,1.412756269,0.999229992,0.951006766,1.067113593,3.570522301,4.395816051,1.944691108,2.564618092,0.10816012,16.05964511,2.933412516,1.760568612,4.745117235,NA
2021-10-01 16:13:45,5.367,5.767,6,4,1,1,37,22,3,"Condition 1.5-15","1.5","15",2424,1.023244323,1.057554902,0.187008987,0.267250613,0.472837971,2.268643156,1.004878542,0.857937508,1.131261938,5.448398312,7.193304642,3.50860365,4.697626539,0.070100658,34.90015627,4.313273386,1.953825835,7.408912541,1.016826338,1.017306607,0.0188605,0.03126236,0.858987931,1.282862583,1.017091792,1.00464664,1.029053893,1.087734467,1.413591616,0.614220236,0.903001392,0.028536787,10.20927322,0.895623224,0.502749242,1.387366541,1.013888854,1.020481685,0.085506437,0.11583521,0.606571272,1.472147721,1.000302927,0.954263589,1.073883298,3.245150805,4.09642056,1.861402155,2.500447566,0.031352607,15.05974423,2.756734997,1.4011546,4.345117276,0.367
2021-10-08 15:31:33,9.9,10.517,11,4,1,1,38,22,3,"Condition 2.5-10","2.5","10",3695,1.021386912,1.046274587,0.151956433,0.226877096,0.301581072,2.756622922,1.000051148,0.925296804,1.100518174,4.682475366,7.378310443,3.646415518,5.702867142,0.032184305,68.69614666,3.280745518,0.887146413,6.440890527,1.017695953,1.018796118,0.020719095,0.04734008,0.698942033,1.426246353,1.017740462,1.00811994,1.02673688,0.995962459,1.40557859,0.66273268,0.991955807,0.006553587,9.695425174,0.745985134,0.34653564,1.263458365,1.028535027,1.036509012,0.080282078,0.128339736,0.395506023,2.0478097,1.011071956,0.986720319,1.059964901,2.92415063,4.342941049,2.134181178,3.211428333,0.005444192,40.78175488,2.067589802,0.831249068,4.033507487,NA
2021-10-06 18:58:33,30.133,30.533,31,4,1,1,39,23,4,"Condition 2.5-15","2.5","15",2367,1.058312839,1.12041944,0.272207672,0.367927774,0.25113379,2.765344966,1.026927606,0.822832176,1.232776521,7.298452947,9.980349972,4.869985151,6.80878581,0.069843117,49.77103457,5.237458862,2.660407716,9.353552639,1.021835286,1.022644961,0.025508718,0.040694764,0.798347195,1.249205621,1.021330626,1.006793205,1.037041839,1.436732667,1.92910135,0.914030105,1.287607081,0.031912683,10.17254927,1.070877659,0.575110665,1.832515479,1.045494236,1.056379183,0.103623809,0.151289293,0.231934478,1.648241304,1.032083432,0.97382338,1.107549215,4.077010043,5.542849914,2.596722884,3.755946848,0.06706947,27.61887351,2.995995221,1.639359774,5.14761595,0.132999999999999
2021-10-20 18:53:21,42.35,42.5,42.5,2,0,0,40,23,4,"Condition 2.5-5","2.5","5",5947,1.007638734,1.023393393,0.093940638,0.178895498,0.325023498,2.193684828,0.994817687,0.98602737,1.009111981,2.374713062,4.566322622,2.768877384,3.900589566,0.006940677,34.30416667,0.359897591,0.129993573,3.36683748,1.022350656,1.022652016,0.01232349,0.02482709,0.840690884,1.186795264,1.02222663,1.019232747,1.025503903,0.6495443,1.102751053,0.618718741,0.891227059,0.002267211,7.20288894,0.239960203,0.120417035,0.856252975,1.015720699,1.018264028,0.040792803,0.07193026,0.599465122,1.42703228,1.004417343,1.000036558,1.016358059,1.447817371,2.571236671,1.518308536,2.125051142,0.005225367,21.90080703,0.368094231,0.147421099,2.07817603,NA
2021-11-12 15:55:53,43.533,44,44,3,0,0,41,23,4,"Condition 2.5-10","2.5","10",3005,1.023812344,1.047627925,0.151928857,0.222146296,0.391573281,2.014946181,0.996445896,0.925451745,1.100648605,4.426238891,6.378741424,3.403407744,4.593884702,0.017863351,34.85564395,3.201140699,0.854463695,6.251997882,1.021663808,1.022231135,0.019482209,0.034057921,0.825215717,1.227880567,1.021818682,1.0135936,1.032593513,0.912328899,1.295487131,0.670114151,0.919904661,0.012145303,7.472034086,0.627923612,0.265401169,1.240303594,1.011646003,1.016025661,0.059468369,0.094252128,0.449119924,1.488102839,0.999942911,0.980650918,1.039549973,2.324952204,3.400885806,1.741849531,2.482473163,0.013367202,22.23060933,1.633359619,0.555733578,3.265023288,NA
2021-10-16 15:30:37,42,42.5,42.5,2,0,0,42,24,5,"Condition 2.5-5","2.5","5",6027,1.010187435,1.026389443,0.094120233,0.181664829,0.309820439,2.124528048,0.996645358,0.982357418,1.017853291,2.583033131,4.802933014,2.915149175,4.049546484,0.010088634,33.96898024,0.482072176,0.227482499,3.519883796,1.023069778,1.024054614,0.02080663,0.044904517,0.628947093,1.574835806,1.022437442,1.015601675,1.029419384,0.890722786,1.538369637,0.856430008,1.254374413,0.008101314,12.4098361,0.329876866,0.163035911,1.171526198,1.020205777,1.024373736,0.049146958,0.092320841,0.327746654,1.694192718,1.010614763,1.000617726,1.025917368,1.616853256,2.966072206,1.645668569,2.48684462,0.012816532,27.95073091,0.519867119,0.228023038,2.109581783,NA
2021-11-13 16:13:25,43.567,44,44,1,0,0,43,24,5,"Condition 2.5-10","2.5","10",4230,1.012054708,1.024762914,0.099517091,0.160905001,0.406897036,2.054930983,1.00004829,0.956637829,1.042759295,3.188885099,4.92267382,2.793317653,3.750607376,0.013291492,28.28788751,1.449836736,0.630226017,4.638055146,1.023949573,1.024819798,0.025729236,0.042229286,0.739204662,1.365603088,1.023573946,1.009328548,1.038042352,1.147195461,1.653198416,0.81797961,1.190522039,0.032271011,13.16062469,0.765397694,0.366653217,1.523544467,1.003280999,1.007127915,0.055441201,0.087952848,0.384981136,1.401606576,0.994712038,0.971648199,1.029570734,2.203221647,3.260357308,1.703856161,2.403561986,0.036875539,19.69211953,1.352617377,0.608046374,2.989464458,NA
2021-11-27 16:03:21,43.933,44,44,1,0,0,44,24,5,"Condition 1.5-15","1.5","15",2373,1.047065889,1.074058014,0.175351755,0.239327766,0.272132858,2.27949308,1.012337892,0.925620694,1.17779159,5.976916422,8.33355812,4.401632873,5.808518301,0.04591319,36.95888909,4.381568093,1.472935463,8.505431792,1.024971721,1.02613892,0.031118536,0.048939394,0.798156265,1.312336578,1.024982484,1.006839427,1.045613945,1.382404125,1.936606179,0.968789857,1.356531651,0.025413316,10.05259807,0.955418493,0.466509102,1.800663083,1.010045342,1.020466496,0.091225543,0.145496388,0.075194713,1.564705339,0.996473545,0.964972228,1.064018234,3.505961489,4.978003927,2.604440895,3.534688731,0.060081726,25.25147694,2.375774685,0.941147816,4.855059571,NA
2021-12-28 22:32:49,9.95,10.45,10.5,4,1,1,45,25,6,"Condition 2.5-10","2.5","10",2950,1.04738514,1.092510625,0.194965304,0.310799904,0.240741896,3.47423956,1.006629007,0.91785835,1.132683188,6.524132903,10.14478456,4.933208516,7.769994584,0.033717719,74.45467804,4.383999824,1.826227875,8.356245734,1.02491721,1.025338931,0.019061607,0.029409692,0.906975678,1.220917584,1.02538429,1.013667593,1.036103001,1.141072793,1.547216896,0.751557447,1.04508534,0.015776613,8.170259638,0.85131208,0.421932594,1.526812508,1.020020565,1.026943182,0.081004178,0.119059441,0.474298945,1.731298116,1.004574248,0.964037336,1.061359696,3.456475137,4.885211614,2.362148659,3.452841569,0.017362776,32.92596548,2.556295837,1.197119051,4.59174544,NA
2022-01-28 23:19:07,4.417,4.85,5,4.16666666666667,1,1,46,25,6,"Condition 2.5-15","2.5","15",2664,1.055092805,1.098654293,0.214065466,0.306358711,0.109568926,2.724207118,1.011441409,0.885629761,1.1716006,8.50325306,12.25455906,5.747331335,8.825993271,0.25654322,73.58758411,5.698998725,3.417316301,10.29222845,1.026892664,1.027416355,0.022741906,0.032805915,0.875069076,1.219541033,1.026754056,1.010899544,1.041931714,1.377433702,1.649376865,0.68988186,0.907430245,0.02392555,7.310324113,1.157387166,0.732491179,1.788718359,1.033266181,1.043213576,0.096458753,0.143747426,0.218847376,1.83346552,1.02945247,0.972140196,1.090453285,4.571908418,5.887678143,2.606111681,3.710468607,0.156147021,25.82588783,3.616218512,2.082299482,5.842430784,NA
2021-10-23 15:29:37,42.75,43,43,2,0,0,47,27,8,"Condition 2.5-10","2.5","10",3624,1.044210911,1.084556243,0.181876865,0.293103264,0.203319972,2.752578471,0.991482661,0.965831686,1.093519964,6.294164396,9.652055492,5.474997128,7.31850075,0.036580778,55.80132714,3.599405232,0.814436508,9.31158342,1.022543618,1.023267167,0.022030874,0.038479256,0.812829035,1.33568867,1.021294013,1.013498355,1.03081634,1.326299753,1.887420272,1.035782158,1.34304956,0.031464096,8.808150311,0.899707243,0.265428522,1.944050956,1.023186461,1.028180626,0.06486027,0.101230889,0.65365369,1.534861578,1.009826259,0.995058863,1.047459389,2.755816177,3.989208591,2.240515523,2.884711295,0.03110386,18.92787413,1.76744717,0.461642421,4.114195237,0.25
2021-11-19 22:09:13,41.217,41.5,41.5,1,0,0,48,27,8,"Condition 2.5-5","2.5","5",6029,1.027006605,1.054373953,0.125569576,0.238686643,0.261306568,3.432562248,0.991439893,0.984936702,1.006110098,3.833523329,7.64711872,4.445157012,6.617385285,0.007999761,74.67181765,0.617626334,0.257993802,4.803522416,1.033169465,1.03723918,0.044463099,0.091800713,0.508861702,1.665488165,1.027216727,1.022036442,1.034007658,1.958858036,3.586627152,2.094826965,3.004707515,0.019675524,27.76819759,0.480280983,0.221584954,2.559339428,1.002763705,1.00314777,0.012076234,0.027758409,0.833579754,1.352008429,1.002809766,0.999808,1.005740431,0.779359472,1.304420161,0.750797654,1.046084272,0.00460991,10.33477805,0.274887995,0.149205579,1.050896441,NA
2021-10-30 21:58:25,14.617,15.617,16,4,1,1,49,28,9,"Condition 2.5-5","2.5","5",5974,1.027850421,1.051067191,0.105314142,0.219713069,0.154557427,2.775234875,1.01050331,0.99480482,1.033388889,2.491964742,4.665145182,2.78211305,3.944147022,0.023874911,32.35223698,0.623735562,0.28315427,3.038753321,1.020917306,1.021285849,0.01412283,0.027436588,0.800387893,1.32329429,1.020497807,1.014249811,1.027581612,0.721818917,1.074369684,0.538654413,0.795835225,0.0067858,8.869451891,0.471375024,0.214798561,0.922508323,1.026217359,1.031864554,0.057055765,0.107816211,0.481378456,1.740293326,1.009687138,0.997834428,1.029843406,1.783615432,3.03421398,1.73380103,2.454827768,0.009312343,18.51570585,0.713370207,0.305361536,2.211291089,NA
2021-11-17 21:29:55,29.767,30.367,30.5,4,1,1,50,28,9,"Condition 2.5-10","2.5","10",3492,1.025252108,1.059017187,0.166108556,0.265321837,0.1889925,2.370876835,0.996461496,0.95232898,1.086350789,4.406371283,6.883684939,3.885264787,5.289331196,0.024212428,45.7934047,2.459880138,0.541499991,6.346556275,1.022706236,1.023226833,0.018707312,0.032640627,0.739042958,1.256545235,1.022300614,1.01388497,1.032345916,0.952495797,1.439650248,0.697285789,1.079665921,0.011351606,14.0394914,0.681727657,0.245391383,1.253652256,1.011032824,1.017016637,0.070830915,0.110176882,0.514820407,1.559022026,0.992840796,0.971943966,1.041562665,2.406598975,3.756548513,1.922517646,2.884843504,0.002982417,30.39803084,1.657140971,0.396864765,3.406613193,NA
2021-12-29 17:22:44,4.8,5.2,5.5,4,1,1,51,28,9,"Condition 2.5-15","2.5","15",2314,1.052102165,1.107864377,0.23558102,0.347126181,0.290550761,3.136626329,1.011609006,0.879769251,1.177228992,6.909204703,9.825027483,4.935436825,6.986784677,0.081935822,56.80188924,4.963527001,2.003820976,9.25411511,1.028925472,1.029682023,0.027390739,0.039472947,0.842373541,1.26010211,1.027396199,1.009025346,1.04817548,1.468269258,1.885372468,0.863963322,1.182970733,0.047112898,8.361059042,1.150986213,0.631942638,1.948945471,1.024240819,1.032569042,0.091846291,0.130908276,0.463075124,1.750542945,1.007151151,0.958700944,1.079671897,3.361388426,4.416129787,2.103634423,2.864754488,0.083512885,21.32801969,2.700076411,1.318122039,4.496596885,NA
2022-01-22 23:31:06,44.283,44.5,44.5,3,0,0,52,28,9,"Condition 1.5-15","1.5","15",2498,1.033902193,1.069348284,0.199454239,0.273096803,0.308889578,2.267916334,1.015511158,0.878616083,1.163627113,5.112334579,6.579991527,3.079144692,4.143331845,0.135965996,33.00992002,4.090768712,2.104721961,6.809487027,1.03027346,1.03098214,0.026112973,0.038227688,0.786970891,1.211802312,1.029232015,1.01033268,1.046114986,1.310820228,1.722152114,0.730055175,1.117165188,0.033427457,10.16206678,1.026905344,0.632629709,1.615438338,1.039877115,1.046604891,0.083889934,0.118503191,0.366863373,1.517066129,1.029955973,0.976105464,1.09156021,2.957531938,3.853774857,1.716734452,2.471240827,0.03607849,22.75535928,2.259854098,1.344571277,3.689066,NA
2021-11-08 22:04:11,43.767,44,44,4,1,1,53,29,10,"Condition 2.5-10","2.5","10",3553,1.018814924,1.037221625,0.131875432,0.194564907,0.39444334,1.916111151,1.001254007,0.943908308,1.093838949,4.772752598,6.784704588,3.565148277,4.822820471,0.023459891,39.71926303,3.371967877,1.191808302,6.805350886,1.013642476,1.019482142,0.074200578,0.108977579,0.646045565,1.667305584,1.000381646,0.965723835,1.051412795,2.835173692,3.778554438,1.925200767,2.498203518,0.02439247,13.8000854,2.088070121,0.943067924,3.911912259,1.020365778,1.021102187,0.023835089,0.038778601,0.845388626,1.451795757,1.018696271,1.003658826,1.033208255,1.180374352,1.532101007,0.696005244,0.976892295,0.011135759,11.0451896,0.939525461,0.511888002,1.592928386,NA
2021-11-12 21:53:54,39.9,40.333,40.5,4,1,1,54,29,10,"Condition 1.5-15","1.5","15",2430,1.024704023,1.057290869,0.188410831,0.260525579,0.282528229,2.163381704,1.005186706,0.894214771,1.1577178,5.760215027,7.454775342,3.603302809,4.733161872,0.208703787,31.06293627,4.586176185,2.165122961,7.954211653,1.021263955,1.022046141,0.024139907,0.039986323,0.846119465,1.458057608,1.020605707,1.004806151,1.03626389,1.264376917,1.571300579,0.668791482,0.93311038,0.021078467,8.485032214,1.043917678,0.623516003,1.643084698,1.007743035,1.017211027,0.096197664,0.138492389,0.512751783,1.706522576,0.996869958,0.943895562,1.062077995,3.357713272,4.428191218,2.092010853,2.887571949,0.102153134,19.25131248,2.5089613,1.382871906,4.397219253,NA
2021-11-15 21:49:13,40.2,41.183,41.5,4,1,1,55,29,10,"Condition 2.5-15","2.5","15",3220,1.024911567,1.047986859,0.148067403,0.218740933,0.185199192,2.405376254,1.008802399,0.925694368,1.114856071,4.431592132,6.056672172,3.024799956,4.129111953,0.045599392,38.04057855,3.309611374,1.400141893,6.10062941,1.019127536,1.019494713,0.018596155,0.027363618,0.887682633,1.20915239,1.018688842,1.006023903,1.030663867,1.001596008,1.282475939,0.565567921,0.801092588,0.036902519,6.481167733,0.766256652,0.483687289,1.27106415,1.004766963,1.008951612,0.061979667,0.091811348,0.510377437,1.573678809,0.997895782,0.964484083,1.040804837,2.635452979,3.460293869,1.616154273,2.242673342,0.053282611,19.60950583,2.02668371,1.080681752,3.453230602,0.200000000000003
2021-11-29 21:52:59,40.217,40.5,40.5,3,0,0,56,29,10,"Condition 2.5-5","2.5","5",5888,0.985858735,0.999952474,0.094070497,0.167308874,0.271613768,2.104845887,0.972663463,0.939493708,1.014400708,3.077754736,4.909348054,2.685021149,3.825128691,0.009256558,27.39019797,1.560465309,0.659029573,3.88101204,1.023841058,1.024346125,0.021339146,0.03216593,0.82849458,1.211059193,1.023466891,1.010398766,1.037193322,1.06388358,1.406143239,0.676608626,0.919529316,0.040515423,6.937543694,0.776584595,0.416343786,1.420022575,1.000824151,1.004773011,0.054130844,0.089000937,0.386031856,1.603202833,0.99351814,0.970818727,1.023218877,2.150606942,3.125716222,1.644391931,2.268450084,0.026199264,20.16346504,1.304177276,0.620586448,2.896655661,0.216999999999999
2021-11-19 15:34:59,19.767,20.233,20.5,4,1,1,57,31,12,"Condition 1.5-15","1.5","15",2860,1.031709551,1.070705121,0.186550093,0.286380054,0.25787598,2.410712554,1.001918521,0.924385997,1.130901002,5.07624994,6.907148532,3.432838746,4.684876115,0.05951793,36.30303975,3.78500665,1.741579955,6.829765254,1.024919045,1.025369065,0.019062931,0.030380812,0.83849246,1.193551668,1.024696261,1.013418118,1.036263548,1.072265503,1.482741999,0.677953399,1.024274126,0.031932775,8.887413585,0.77870214,0.447651161,1.306735407,1.009051456,1.01374763,0.064581956,0.097481992,0.577316965,1.595703045,1.002941824,0.971527877,1.048696087,2.466154873,3.126422131,1.44653871,1.921948881,0.005438244,12.4954086,1.965901797,1.079509401,3.353098271,NA
2021-12-16 21:14:22,9.9,10.5,10.5,4,1,1,58,31,12,"Condition 2.5-10","2.5","10",3613,1.035504425,1.076335018,0.165580764,0.29368611,0.223437816,3.344209396,0.995672006,0.952317104,1.074923937,4.668197043,7.669461101,4.069040716,6.085953034,0.018802521,47.60661687,2.493411999,0.943706385,5.620512039,1.02585008,1.026716742,0.027435963,0.042182627,0.758869791,1.246196417,1.02392603,1.00800701,1.042398763,1.297393702,1.670814966,0.786154739,1.052947853,0.020231944,7.330724529,1.03813692,0.536969954,1.742742038,1.030912697,1.044682778,0.096989993,0.169082912,0.227979591,2.209669145,1.001136557,0.971970067,1.060668374,3.205617106,4.695540638,2.342770565,3.431527492,0.02506062,30.87417276,2.150959965,0.983704626,3.987122103,NA
2021-12-21 15:27:43,14.8,15.2,15.5,4,1,1,59,31,12,"Condition 2.5-15","2.5","15",2377,1.054065811,1.116203985,0.232402318,0.36730554,0.246263442,3.109965185,1.001881758,0.885320338,1.130747451,6.819932411,9.958629374,5.206457334,7.258442997,0.106202984,55.02037434,4.469298394,1.766073698,8.847795446,1.026679978,1.027230375,0.0218271,0.033629482,0.838087436,1.235835981,1.026169102,1.012679675,1.040115363,1.462062375,1.881163131,0.869427309,1.183950291,0.056986375,9.020975727,1.147987779,0.632649701,1.930048779,1.041403829,1.05787885,0.124643877,0.186011512,0.405211965,2.020021423,1.007675787,0.964015201,1.09612782,4.29602345,5.85366136,2.914270621,3.976957439,0.049494524,37.00887602,3.078526816,1.554735105,5.960956334,NA
2021-12-14 21:40:09,14.617,15.617,16,4,1,1,60,32,13,"Condition 2.5-5","2.5","5",5799,1.007074095,1.017728847,0.083515278,0.146892801,0.535246436,2.217795844,0.994235098,0.975419455,1.028074812,2.891747855,5.029066387,2.761144733,4.114878301,0.011221487,53.31578857,1.209587632,0.362133599,3.990821905,1.0257889,1.026774816,0.020107827,0.044988922,0.516350055,1.392117462,1.025398437,1.017496857,1.033648541,0.851003612,1.313982661,0.628280393,1.001257307,0.00682438,11.01631728,0.551774409,0.248537847,1.095634858,1.006889682,1.011309781,0.056632886,0.094457292,0.582099052,1.622031422,0.996382894,0.979706887,1.02375605,2.154862005,3.227458585,1.742400671,2.402926244,0.021016605,18.06772654,1.313244481,0.486451324,2.961876172,NA
2022-01-23 15:39:27,9.933,10.333,10.5,4,1,1,61,32,13,"Condition 1.5-15","1.5","15",2365,1.030476126,1.060244831,0.175239898,0.24952832,0.317554022,2.062433806,1.003314621,0.885849109,1.130594433,5.781894831,7.488605814,3.652388611,4.760093907,0.054747847,33.53093111,4.407667424,2.200294599,8.146312376,1.032257524,1.032809506,0.021000753,0.033769271,0.899038936,1.295520654,1.031147652,1.019033017,1.04474314,1.174828589,1.536847518,0.696321008,0.991006316,0.020963944,8.120064595,0.91325753,0.532829797,1.502647113,0.996542557,1.00382024,0.08442411,0.12068208,0.519780581,1.514851706,0.994043701,0.936041981,1.049291976,3.11473052,3.951478354,1.868361812,2.432105496,0.079937444,17.25939837,2.439513009,1.368011749,4.27265933,NA
2022-02-01 21:25:10,10.033,10.433,10.5,4,1,1,62,32,13,"Condition 2.5-15","2.5","15",2373,1.053153294,1.097123732,0.216800569,0.307552408,0.352417549,2.521555082,1.00499183,0.873393363,1.169693634,6.976720061,9.601277034,4.781886648,6.597594163,0.072122829,58.3734024,4.963400885,2.536859573,9.214205128,1.03168584,1.033089039,0.032076914,0.053837837,0.717813096,1.496393746,1.03008859,1.012512288,1.049242218,1.652674209,2.195697031,0.97111159,1.44590276,0.038591382,11.82234744,1.276728085,0.756422971,2.048497676,1.013655682,1.023698432,0.102339205,0.143070836,0.547301881,1.532799046,1.012549101,0.941650414,1.078565695,4.112565014,5.27888171,2.411079865,3.310290147,0.038724983,35.93095917,3.395583173,1.784599728,5.585473281,0.0329999999999995
2022-01-13 16:13:40,23.05,23.45,23.5,4,1,1,63,34,15,"Condition 1.5-15","1.5","15",2436,1.07684798,1.152656983,0.255069338,0.411200632,0.121609826,4.101077101,1.013342091,0.922328331,1.149686783,7.590171111,12.09800289,6.546729067,9.422708715,0.044616875,86.2074769,4.283201548,1.294460282,10.17066084,1.02571964,1.026572758,0.025727705,0.041851719,0.844079501,1.258237392,1.024929015,1.010787717,1.039269436,1.292298709,1.763275641,0.882133227,1.199873444,0.018771266,9.351199243,0.981585554,0.39596213,1.796557227,1.02907403,1.04950622,0.122107412,0.206124693,0.355875174,2.941936654,1.004943657,0.960921282,1.079465172,4.611006722,7.692780848,3.610583138,6.15898307,0.037339143,62.8678538,3.086785051,1.117203375,5.815747876,NA
2022-01-16 17:15:09,25,26.5,26.5,4,1,1,64,34,15,"Condition 2.5-10","2.5","10",3620,1.016683849,1.043437922,0.138627164,0.234801783,0.21703159,2.55384857,0.987085497,0.954147299,1.054078578,4.432943204,6.875671746,3.955621463,5.256568427,0.023839238,38.11354211,2.470835551,0.516796779,6.440778524,1.024008388,1.024460158,0.019786928,0.030425168,0.894720746,1.240353823,1.022809417,1.010871935,1.033912864,0.973257172,1.295077958,0.664089343,0.854516918,0.010892732,6.056533028,0.749414441,0.283094877,1.419680725,1.020017413,1.027277832,0.069582615,0.121935755,0.572804757,2.197158729,1.007023517,0.983042421,1.044717131,3.034062534,4.93325872,2.575674957,3.89046121,0.00747443,42.51909676,1.79804475,0.531857552,4.076008853,0
2022-02-01 15:50:58,28.133,28.533,29,4.09090909090909,1,1,65,34,15,"Condition 2.5-15","2.5","15",2389,1.043158169,1.096506598,0.225513645,0.337928328,0.108927695,2.410837102,0.997681914,0.904429536,1.147363526,5.393857318,7.382148961,3.835074063,5.04113762,0.063092905,34.65614335,3.977471481,1.5391285,7.685989997,0.981185433,0.981838389,0.02202444,0.035809283,0.829125674,1.234032874,0.977488925,0.968098396,0.992541661,1.086527279,1.339249938,0.623178716,0.783138365,0.021829549,4.114368197,0.938042312,0.490979691,1.537007203,1.02383347,1.03213234,0.086378366,0.130649679,0.603166996,1.705603821,1.009703233,0.972773421,1.072511393,2.938177784,4.171996303,2.010947976,2.962488759,0.02660862,25.98382164,2.161956775,1.096174425,3.857950451,NA
2022-02-05 16:03:13,15.2,17.4,17.5,4,1,1,66,34,15,"Condition 2.5-5","2.5","5",5967,1.007456471,1.023502603,0.091089401,0.180539473,0.154385133,2.226182034,0.987833201,0.981612899,0.999796921,2.120978364,3.896610471,2.456281246,3.269069475,0.007033224,20.47734356,0.308900297,0.122301979,3.272453416,1.031808427,1.031978155,0.010156293,0.018717382,0.908064267,1.149898927,1.031624387,1.028516385,1.034600713,0.510209337,0.806898536,0.489726586,0.62516973,0.0036684,4.266124668,0.169536774,0.079197737,0.819650979,1.00351984,1.005722998,0.034299473,0.066538871,0.757156977,1.518105144,0.996121495,0.992084813,1.002593362,1.123797199,1.981730472,1.192880927,1.632416056,0.007152036,14.75862848,0.282545084,0.114479515,1.669786814,0.199999999999999
2022-01-13 21:55:49,6.55,7.017,7.5,4,1,1,67,35,16,"Condition 2.5-15","2.5","15",2654,1.021438129,1.0759602,0.230205952,0.338227148,0.243773752,2.658678596,0.996119042,0.881881512,1.159076983,5.31353074,6.975388532,3.516718472,4.519970908,0.046269387,26.35830916,4.257128881,1.657822418,7.575238287,0.98645565,0.987189436,0.026955161,0.038062824,0.84794123,1.176090115,0.983919166,0.96542222,1.003154616,1.310080039,1.614419638,0.71149236,0.943597726,0.030866938,6.871413573,1.113661599,0.629182573,1.744782788,1.023406515,1.03293206,0.102101509,0.139982605,0.581420054,1.543417782,1.011978159,0.958553858,1.097874586,3.170104623,4.089602477,1.97968304,2.58414438,0.046110242,18.63554209,2.426476939,1.284880616,4.360849404,NA
2022-01-31 23:18:24,20.433,21.433,21.5,4,1,1,68,35,16,"Condition 2.5-5","2.5","5",5919,1.008541027,1.027801897,0.103822362,0.198061513,0.324701346,1.987550164,0.991362593,0.979542071,1.00968974,2.367363332,4.479523407,2.807418526,3.803178264,0.011958078,24.19696236,0.440922534,0.197739691,3.204258333,0.977003363,0.977322068,0.012156444,0.024959131,0.806254118,1.327817282,0.975825352,0.971160514,0.980703421,0.615171892,0.97321316,0.52475819,0.754190633,0.006321969,8.844982435,0.303603368,0.163818021,0.788062262,1.006745889,1.011169976,0.049406448,0.094493086,0.632129254,1.720944973,0.997749955,0.98955226,1.008659742,1.488526424,2.5821133,1.56391504,2.110059363,0.010260496,13.90467006,0.447280732,0.209269915,2.019966402,0.433
2022-02-05 19:34:26,15.167,16.667,17,4,1,1,69,35,16,"Condition 2.5-10","2.5","10",3637,1.0310915,1.065269022,0.173752382,0.267709006,0.191716233,2.553819301,0.992169097,0.961715094,1.115045537,4.088462655,6.317373324,3.589237655,4.816644007,0.02679527,37.20592829,2.474017771,0.380092856,6.161878497,0.973485065,0.974043357,0.018997462,0.032978623,0.833425992,1.251959542,0.970191276,0.961365935,0.979942273,0.905101509,1.221489042,0.618194608,0.820372984,0.017983654,7.948569787,0.703803374,0.258611756,1.308106747,1.04011146,1.051860778,0.098314005,0.156799253,0.373232847,1.788705869,1.00700281,0.993028502,1.062859044,3.11934759,4.680752424,2.688875712,3.49033872,0.019727508,22.00061949,1.938898502,0.323905492,4.640194954,0.167
2022-03-10 18:58:56,30.067,30.483,30.5,4,1,1,70,36,17,"Condition 1.5-15","1.5","15",2386,1.019179481,1.053794327,0.186440795,0.267928638,0.423171294,2.219092605,1.009961131,0.884930795,1.121693988,3.926455446,5.272681596,2.642499114,3.519845667,0.075725112,36.78936885,2.950829941,1.300567824,5.603283819,1.020290478,1.020853308,0.021590187,0.033901283,0.882089757,1.214993731,1.021040394,1.009118446,1.033400831,1.015783056,1.313210911,0.62172266,0.832465161,0.01901371,5.766112302,0.808527406,0.413267729,1.355799888,1.040985315,1.045138831,0.059745133,0.093104152,0.500675073,1.355489418,1.037384944,1.007666577,1.077769285,1.965876437,2.613618537,1.204480262,1.722665365,0.05381089,13.24436629,1.558667438,0.811170262,2.566996645,0.0670000000000002
2022-03-17 20:31:08,40.217,40.5,40.5,3,0,0,71,36,17,"Condition 2.5-5","2.5","5",5961,1.001046105,1.010788626,0.079159544,0.140012967,0.357352207,1.840759796,0.988105832,0.967689648,1.022720625,1.962157804,3.383033615,1.970840994,2.756107347,0.00920317,20.66160436,0.681144598,0.229073554,2.764933257,1.031606897,1.03204321,0.016087081,0.030009132,0.829044733,1.26636583,1.031243807,1.02466841,1.038582673,0.700544423,1.128001163,0.578492995,0.884169273,0.007605905,8.482268756,0.403473679,0.161656146,0.886837471,1.021436463,1.022757703,0.028930893,0.051974272,0.442871664,1.338621478,1.016810258,1.00873169,1.031969034,1.168830819,1.909320074,0.989576115,1.509874222,0.004309769,16.10874622,0.648956783,0.235099929,1.500907923,0.216999999999999
2022-04-01 23:12:49,30.25,30.85,31,4,1,1,72,36,17,"Condition 2.5-15","2.5","15",3667,1.007717302,1.021094648,0.106866722,0.164765052,0.251115243,2.145954705,0.99206248,0.945644403,1.061468778,2.709210711,4.298143882,2.33460519,3.337252783,0.02702262,26.86061028,1.570052484,0.399914584,3.853949889,1.030228896,1.030816209,0.019910914,0.034796672,0.837992829,1.324338515,1.029371274,1.020029623,1.040261442,0.849866377,1.241881595,0.624607843,0.905660407,0.017872391,9.696629141,0.54244097,0.267722813,1.129820253,1.035264151,1.03745441,0.038320031,0.067387171,0.515841692,1.442582744,1.031031729,1.018705874,1.056194811,1.387510947,2.112123082,1.096668834,1.592661044,0.012209365,16.24620907,0.856579011,0.319813571,1.884351634,0.25
